{
  "train_loss": [
    0.468336071438119,
    0.15666004007838494,
    0.12945558528490883,
    0.1172203332720153,
    0.10942015294880948,
    0.10388613637527234,
    0.10054279578681094,
    0.09794336493869038,
    0.09580436143435556,
    0.09364892673209842,
    0.09229758604932108,
    0.09086527841791125,
    0.08967725539887597,
    0.0885583457030179,
    0.0885018933084729,
    0.08710054823840054,
    0.08682363054562156,
    0.0864592484918386,
    0.08548332219298573,
    0.0852529624511477,
    0.08508759467825117,
    0.08468864881252618,
    0.08350605754491042,
    0.08385153182237519,
    0.08382046392713638,
    0.073026453022165,
    0.07188594817538481,
    0.07182846903879829,
    0.07123247292057368,
    0.07105719825282658
  ],
  "val_loss": [
    0.13514141539273014,
    0.111055485841442,
    0.09797899576193644,
    0.09347360817629911,
    0.08651141352872498,
    0.08569735732751498,
    0.08983835121838815,
    0.08707161338725648,
    0.08624146099751684,
    0.0835783778662688,
    0.08434734591103198,
    0.08628648873352712,
    0.07789783785200223,
    0.0769245529477693,
    0.07494081627839011,
    0.07740484524168226,
    0.08023786027972876,
    0.07468462510069893,
    0.0733751155893398,
    0.0821468428380937,
    0.07311484279745922,
    0.07361184426348714,
    0.0734187515246104,
    0.0737113420292651,
    0.07911351924084079,
    0.06960379310921344,
    0.06531426824900023,
    0.06529004859710658,
    0.0640422676650058,
    0.06661991058730886
  ],
  "train_acc": [
    0.8516221819931395,
    0.9550295776061696,
    0.9634745120300726,
    0.9669549430427724,
    0.9689564937469929,
    0.97057815653113,
    0.9714166790699928,
    0.972147898415028,
    0.9727493155094652,
    0.9734000574591296,
    0.9737055254222035,
    0.9741667560859949,
    0.9745838539845829,
    0.9746539471999058,
    0.974838266395755,
    0.9752458454626325,
    0.975301227756221,
    0.9754388181418548,
    0.9755807352691752,
    0.9757763039934095,
    0.9756058303709575,
    0.9758213021069502,
    0.9760281203595695,
    0.9762029207237081,
    0.9760765798664595,
    0.9794401888536212,
    0.9798469025721614,
    0.979743060771683,
    0.9798737283706183,
    0.9798970927757259
  ],
  "val_acc": [
    0.961897239148424,
    0.9696456781764838,
    0.9752125178665463,
    0.9758519521552697,
    0.9787482133453698,
    0.9783720755284736,
    0.9779207101481983,
    0.978823440908749,
    0.9785977582186113,
    0.9793500338524035,
    0.979011509817197,
    0.9794252614157828,
    0.9800270819228165,
    0.980553674866471,
    0.9804784473030919,
    0.9811178815918152,
    0.9801023094861957,
    0.9819453847889866,
    0.9818325434439179,
    0.9804032197397127,
    0.9823215226058828,
    0.981042654028436,
    0.9815692469720906,
    0.9815316331904009,
    0.9795381027608516,
    0.9824719777326413,
    0.9831866395847438,
    0.9840893703452945,
    0.9844655081621906,
    0.9841645979086737
  ],
  "lr": [
    0.001,
    0.001,
    0.001,
    0.001,
    0.001,
    0.001,
    0.001,
    0.001,
    0.001,
    0.001,
    0.001,
    0.001,
    0.001,
    0.001,
    0.001,
    0.001,
    0.001,
    0.001,
    0.001,
    0.001,
    0.001,
    0.001,
    0.001,
    0.001,
    0.0005,
    0.0005,
    0.0005,
    0.0005,
    0.0005,
    0.0005
  ],
  "test_loss": 0.14941454214887084,
  "test_acc": 0.9605677627535341
}