{
  "train_loss": [
    0.20687345605380317,
    0.09822651237870074,
    0.08030970135535659,
    0.07166182184292959,
    0.06596740925815987,
    0.06149624502087559,
    0.0579339501190749,
    0.05572378852609896,
    0.053137554260573504,
    0.05149881941243376,
    0.04967198811697403,
    0.048326003218634166,
    0.04714985694132339,
    0.04606179123146824,
    0.045324373549595724,
    0.041305367211507876,
    0.040279826843394956,
    0.03966449713402964,
    0.03950758925442465,
    0.03907965987984822
  ],
  "val_loss": [
    0.12197715790312742,
    0.09714660323965157,
    0.0854784388181736,
    0.08313034433821904,
    0.08168038679388426,
    0.07720590432557808,
    0.0714840856283726,
    0.06372781716304511,
    0.06234125770084217,
    0.06457988333517799,
    0.061576192641015215,
    0.06267658922055375,
    0.06361183897109196,
    0.06366315775305058,
    0.06185920771194851,
    0.06024970364601557,
    0.05533439801362866,
    0.054279347747437645,
    0.05418219545461394,
    0.05476628828877557
  ],
  "train_acc": [
    0.9347285056126493,
    0.9715845566474328,
    0.9770561541843054,
    0.9795855673742908,
    0.9814443356028536,
    0.9826047677231993,
    0.9838595228123128,
    0.9844150764448721,
    0.9852596564220961,
    0.985754635671043,
    0.9862271158632195,
    0.986709980235444,
    0.9870820800204915,
    0.9873788945001921,
    0.9876428257430746,
    0.9886232654092578,
    0.9889218105856331,
    0.9889685393958484,
    0.9891502625466856,
    0.9892783341006088
  ],
  "val_acc": [
    0.9662980516061085,
    0.9744226284510644,
    0.9786353720003009,
    0.980177537049575,
    0.9783720755284736,
    0.9818325434439179,
    0.983261867148123,
    0.9846159632889491,
    0.9845783495072594,
    0.98356277740164,
    0.9849544873241556,
    0.9844655081621906,
    0.9849544873241556,
    0.9849168735424659,
    0.9857443767396374,
    0.985781990521327,
    0.98645903859174,
    0.9872865417889115,
    0.987136086662153,
    0.986948017753705
  ],
  "lr": [
    0.0001,
    0.0001,
    0.0001,
    0.0001,
    0.0001,
    0.0001,
    0.0001,
    0.0001,
    0.0001,
    0.0001,
    0.0001,
    0.0001,
    0.0001,
    0.0001,
    5e-05,
    5e-05,
    5e-05,
    5e-05,
    5e-05,
    5e-05
  ],
  "test_loss": 0.12044171331314107,
  "test_acc": 0.9701905347264905
}